{
    "_meta": {
        "hostvars": {
            "lb1": {
                "ansible_host": "192.168.1.248",
                "component": "haproxy",
                "container_name": "lb1",
                "container_networks": {
                    "management_address": {
                        "address": "192.168.1.248",
                        "bridge": "br-mgmt",
                        "netmask": "255.255.255.0",
                        "type": "veth"
                    }
                },
                "container_tech": "lxc",
                "container_types": "lb1-host_containers",
                "is_metal": true,
                "management_address": "192.168.1.248",
                "physical_host": "lb1",
                "physical_host_group": "load_balancer_hosts",
                "properties": {
                    "is_metal": true
                }
            }
        }
    },
    "adjutant_all": {
        "children": [
            "adjutant_api"
        ],
        "hosts": []
    },
    "adjutant_api": {
        "children": [],
        "hosts": []
    },
    "adjutant_container": {
        "hosts": []
    },
    "all": {
        "vars": {
            "ansible_become": true,
            "ansible_become_method": "sudo",
            "ansible_become_password": "ubuntu",
            "ansible_become_user": "root",
            "ansible_connection": "ssh",
            "ansible_python_interpreter": "/usr/bin/python3",
            "ansible_ssh_private_key_file": "/home/deployment/.ssh/my_ed25519_key",
            "ansible_ssh_user": "ubuntu",
            "container_cidr": "172.29.248.0/22",
            "external_lb_vip_address": "192.168.1.248",
            "galera_root_password": "secrete",
            "internal_lb_vip_address": "172.29.236.10",
            "management_bridge": "br-mgmt",
            "openstack_release": "ussuri",
            "provider_networks": [
                {
                    "network": {
                        "container_bridge": "br-mgmt",
                        "container_interface": "eth1",
                        "container_type": "veth",
                        "group_binds": [
                            "all_containers",
                            "hosts"
                        ],
                        "ip_from_q": "management",
                        "is_management_address": true,
                        "type": "raw"
                    }
                },
                {
                    "network": {
                        "container_bridge": "br-storage",
                        "container_interface": "eth2",
                        "container_mtu": "9000",
                        "container_type": "veth",
                        "group_binds": [
                            "glance_api",
                            "cinder_api",
                            "cinder_volume",
                            "nova_compute"
                        ],
                        "ip_from_q": "storage",
                        "type": "raw"
                    }
                },
                {
                    "network": {
                        "container_bridge": "br-vxlan",
                        "container_interface": "eth10",
                        "container_mtu": "9000",
                        "container_type": "veth",
                        "group_binds": [
                            "neutron_linuxbridge_agent"
                        ],
                        "ip_from_q": "tunnel",
                        "net_name": "vxlan",
                        "range": "1:1000",
                        "type": "vxlan"
                    }
                },
                {
                    "network": {
                        "container_bridge": "br-vlan",
                        "container_interface": "eth11",
                        "container_type": "veth",
                        "group_binds": [
                            "neutron_linuxbridge_agent"
                        ],
                        "net_name": "physnet1",
                        "range": "101:200,301:400",
                        "type": "vlan"
                    }
                },
                {
                    "network": {
                        "container_bridge": "br-vlan",
                        "container_interface": "eth12",
                        "container_type": "veth",
                        "group_binds": [
                            "neutron_linuxbridge_agent"
                        ],
                        "host_bind_override": "eth12",
                        "net_name": "physnet2",
                        "type": "flat"
                    }
                }
            ],
            "rabbitmq_cookie_token": "secrete"
        }
    },
    "all_containers": {
        "children": [
            "skyline_dashboard_containers",
            "reservation_containers",
            "metering-compute_containers",
            "metering-infra_containers",
            "oslomsg-rpc_containers",
            "rating_containers",
            "shared-infra_containers",
            "orchestration_containers",
            "masakari-monitor_containers",
            "masakari-infra_containers",
            "mq_containers",
            "manila-data_containers",
            "manila-infra_containers",
            "ironic-infra_containers",
            "ironic-compute_containers",
            "ironic-inspector_containers",
            "coordination_containers",
            "dnsaas_containers",
            "registration_containers",
            "os-infra_containers",
            "memcaching_containers",
            "magnum-infra_containers",
            "storage-infra_containers",
            "storage_containers",
            "octavia-infra_containers",
            "repo-infra_containers",
            "zun-compute_containers",
            "zun-infra_containers",
            "unbound_containers",
            "database_containers",
            "load_balancer_containers",
            "haproxy_containers",
            "metrics_containers",
            "key-manager_containers",
            "trove-infra_containers",
            "image_containers",
            "operator_containers",
            "swift_containers",
            "swift-proxy_containers",
            "ceph-mon_containers",
            "ceph-osd_containers",
            "ceph-rgw_containers",
            "ceph-mds_containers",
            "ceph-nfs_containers",
            "placement-infra_containers",
            "dashboard_containers",
            "metering-alarm_containers",
            "network_containers",
            "network-agent_containers",
            "network-infra_containers",
            "network-gateway_containers",
            "network-northd_containers",
            "compute-infra_containers",
            "compute_containers",
            "kvm-compute_containers",
            "qemu-compute_containers",
            "mistral-infra_containers",
            "identity_containers",
            "mano_containers"
        ],
        "hosts": []
    },
    "aodh_alarm_evaluator": {
        "children": [],
        "hosts": []
    },
    "aodh_alarm_notifier": {
        "children": [],
        "hosts": []
    },
    "aodh_all": {
        "children": [
            "aodh_api",
            "aodh_listener",
            "aodh_alarm_evaluator",
            "aodh_alarm_notifier"
        ],
        "hosts": []
    },
    "aodh_api": {
        "children": [],
        "hosts": []
    },
    "aodh_container": {
        "hosts": []
    },
    "aodh_listener": {
        "children": [],
        "hosts": []
    },
    "barbican_all": {
        "children": [
            "barbican_api"
        ],
        "hosts": []
    },
    "barbican_api": {
        "children": [],
        "hosts": []
    },
    "barbican_container": {
        "hosts": []
    },
    "blazar_all": {
        "children": [
            "blazar_api",
            "blazar_manager"
        ],
        "hosts": []
    },
    "blazar_api": {
        "children": [],
        "hosts": []
    },
    "blazar_container": {
        "hosts": []
    },
    "blazar_manager": {
        "children": [],
        "hosts": []
    },
    "ceilometer_agent_central": {
        "children": [],
        "hosts": []
    },
    "ceilometer_agent_compute": {
        "children": [],
        "hosts": []
    },
    "ceilometer_agent_notification": {
        "children": [],
        "hosts": []
    },
    "ceilometer_all": {
        "children": [
            "ceilometer_agent_compute",
            "ceilometer_agent_central",
            "ceilometer_agent_notification"
        ],
        "hosts": []
    },
    "ceilometer_central_container": {
        "hosts": []
    },
    "ceph-mds": {
        "children": [],
        "hosts": []
    },
    "ceph-mds_container": {
        "hosts": []
    },
    "ceph-mds_containers": {
        "children": [
            "ceph-mds_container"
        ],
        "hosts": []
    },
    "ceph-mds_hosts": {
        "children": [],
        "hosts": []
    },
    "ceph-mon": {
        "children": [],
        "hosts": []
    },
    "ceph-mon_container": {
        "hosts": []
    },
    "ceph-mon_containers": {
        "children": [
            "ceph-mon_container"
        ],
        "hosts": []
    },
    "ceph-mon_hosts": {
        "children": [],
        "hosts": []
    },
    "ceph-nfs": {
        "children": [],
        "hosts": []
    },
    "ceph-nfs_container": {
        "hosts": []
    },
    "ceph-nfs_containers": {
        "children": [
            "ceph-nfs_container"
        ],
        "hosts": []
    },
    "ceph-nfs_hosts": {
        "children": [],
        "hosts": []
    },
    "ceph-osd": {
        "children": [],
        "hosts": []
    },
    "ceph-osd_container": {
        "hosts": []
    },
    "ceph-osd_containers": {
        "children": [
            "ceph-osd_container"
        ],
        "hosts": []
    },
    "ceph-osd_hosts": {
        "children": [],
        "hosts": []
    },
    "ceph-rgw": {
        "children": [],
        "hosts": []
    },
    "ceph-rgw_container": {
        "hosts": []
    },
    "ceph-rgw_containers": {
        "children": [
            "ceph-rgw_container"
        ],
        "hosts": []
    },
    "ceph-rgw_hosts": {
        "children": [],
        "hosts": []
    },
    "ceph_all": {
        "children": [
            "ceph-mon",
            "ceph-osd",
            "ceph-rgw",
            "ceph-mds",
            "ceph-nfs"
        ],
        "hosts": []
    },
    "cinder_all": {
        "children": [
            "cinder_api",
            "cinder_scheduler",
            "cinder_volume",
            "cinder_backup"
        ],
        "hosts": []
    },
    "cinder_api": {
        "children": [],
        "hosts": []
    },
    "cinder_api_container": {
        "hosts": []
    },
    "cinder_backup": {
        "children": [],
        "hosts": []
    },
    "cinder_scheduler": {
        "children": [],
        "hosts": []
    },
    "cinder_volume": {
        "children": [],
        "hosts": []
    },
    "cinder_volumes_container": {
        "hosts": []
    },
    "cloudkitty_all": {
        "children": [
            "cloudkitty_api",
            "cloudkitty_engine"
        ],
        "hosts": []
    },
    "cloudkitty_api": {
        "children": [],
        "hosts": []
    },
    "cloudkitty_container": {
        "hosts": []
    },
    "cloudkitty_engine": {
        "children": [],
        "hosts": []
    },
    "compute-infra_containers": {
        "children": [
            "nova_api_container"
        ],
        "hosts": []
    },
    "compute-infra_hosts": {
        "children": [],
        "hosts": []
    },
    "compute_containers": {
        "children": [
            "nova_compute_container"
        ],
        "hosts": []
    },
    "compute_hosts": {
        "children": [],
        "hosts": []
    },
    "coordination_containers": {
        "children": [
            "zookeeper_container"
        ],
        "hosts": []
    },
    "coordination_hosts": {
        "children": [],
        "hosts": []
    },
    "dashboard_containers": {
        "children": [
            "horizon_container"
        ],
        "hosts": []
    },
    "dashboard_hosts": {
        "children": [],
        "hosts": []
    },
    "database_containers": {
        "children": [
            "galera_container"
        ],
        "hosts": []
    },
    "database_hosts": {
        "children": [],
        "hosts": []
    },
    "designate_all": {
        "children": [
            "designate_api",
            "designate_central",
            "designate_mdns",
            "designate_worker",
            "designate_producer",
            "designate_sink"
        ],
        "hosts": []
    },
    "designate_api": {
        "children": [],
        "hosts": []
    },
    "designate_central": {
        "children": [],
        "hosts": []
    },
    "designate_container": {
        "hosts": []
    },
    "designate_mdns": {
        "children": [],
        "hosts": []
    },
    "designate_producer": {
        "children": [],
        "hosts": []
    },
    "designate_sink": {
        "children": [],
        "hosts": []
    },
    "designate_worker": {
        "children": [],
        "hosts": []
    },
    "dnsaas_containers": {
        "children": [
            "designate_container"
        ],
        "hosts": []
    },
    "dnsaas_hosts": {
        "children": [],
        "hosts": []
    },
    "galera": {
        "children": [],
        "hosts": []
    },
    "galera_all": {
        "children": [
            "galera"
        ],
        "hosts": []
    },
    "galera_container": {
        "hosts": []
    },
    "glance_all": {
        "children": [
            "glance_api"
        ],
        "hosts": []
    },
    "glance_api": {
        "children": [],
        "hosts": []
    },
    "glance_container": {
        "hosts": []
    },
    "gnocchi_all": {
        "children": [
            "gnocchi_api",
            "gnocchi_metricd"
        ],
        "hosts": []
    },
    "gnocchi_api": {
        "children": [],
        "hosts": []
    },
    "gnocchi_container": {
        "hosts": []
    },
    "gnocchi_metricd": {
        "children": [],
        "hosts": []
    },
    "haproxy": {
        "children": [],
        "hosts": [
            "lb1"
        ]
    },
    "haproxy_all": {
        "children": [
            "haproxy"
        ],
        "hosts": [
            "lb1"
        ]
    },
    "haproxy_container": {
        "hosts": []
    },
    "haproxy_containers": {
        "children": [
            "haproxy_container"
        ],
        "hosts": []
    },
    "haproxy_hosts": {
        "children": [],
        "hosts": [
            "lb1"
        ]
    },
    "heat_all": {
        "children": [
            "heat_api",
            "heat_api_cfn",
            "heat_engine"
        ],
        "hosts": []
    },
    "heat_api": {
        "children": [],
        "hosts": []
    },
    "heat_api_cfn": {
        "children": [],
        "hosts": []
    },
    "heat_api_container": {
        "hosts": []
    },
    "heat_engine": {
        "children": [],
        "hosts": []
    },
    "horizon": {
        "children": [],
        "hosts": []
    },
    "horizon_all": {
        "children": [
            "horizon"
        ],
        "hosts": []
    },
    "horizon_container": {
        "hosts": []
    },
    "hosts": {
        "children": [
            "skyline_dashboard_hosts",
            "reservation_hosts",
            "metering-compute_hosts",
            "metering-infra_hosts",
            "oslomsg-rpc_hosts",
            "rating_hosts",
            "shared-infra_hosts",
            "orchestration_hosts",
            "masakari-monitor_hosts",
            "masakari-infra_hosts",
            "mq_hosts",
            "manila-data_hosts",
            "manila-infra_hosts",
            "ironic-infra_hosts",
            "ironic-compute_hosts",
            "ironic-inspector_hosts",
            "coordination_hosts",
            "dnsaas_hosts",
            "registration_hosts",
            "os-infra_hosts",
            "memcaching_hosts",
            "magnum-infra_hosts",
            "storage-infra_hosts",
            "storage_hosts",
            "octavia-infra_hosts",
            "repo-infra_hosts",
            "zun-compute_hosts",
            "zun-infra_hosts",
            "unbound_hosts",
            "database_hosts",
            "load_balancer_hosts",
            "haproxy_hosts",
            "metrics_hosts",
            "key-manager_hosts",
            "trove-infra_hosts",
            "image_hosts",
            "operator_hosts",
            "swift_hosts",
            "swift-proxy_hosts",
            "ceph-mon_hosts",
            "ceph-osd_hosts",
            "ceph-rgw_hosts",
            "ceph-mds_hosts",
            "ceph-nfs_hosts",
            "placement-infra_hosts",
            "dashboard_hosts",
            "metering-alarm_hosts",
            "network_hosts",
            "network-agent_hosts",
            "network-infra_hosts",
            "network-gateway_hosts",
            "network-northd_hosts",
            "compute-infra_hosts",
            "compute_hosts",
            "kvm-compute_hosts",
            "qemu-compute_hosts",
            "mistral-infra_hosts",
            "identity_hosts",
            "mano_hosts"
        ],
        "hosts": []
    },
    "identity_containers": {
        "children": [
            "keystone_container"
        ],
        "hosts": []
    },
    "identity_hosts": {
        "children": [],
        "hosts": []
    },
    "image_containers": {
        "children": [
            "glance_container"
        ],
        "hosts": []
    },
    "image_hosts": {
        "children": [],
        "hosts": []
    },
    "ironic-compute_containers": {
        "children": [
            "ironic_compute_container"
        ],
        "hosts": []
    },
    "ironic-compute_hosts": {
        "children": [],
        "hosts": []
    },
    "ironic-infra_containers": {
        "children": [
            "ironic_api_container"
        ],
        "hosts": []
    },
    "ironic-infra_hosts": {
        "children": [],
        "hosts": []
    },
    "ironic-inspector_containers": {
        "children": [
            "ironic_inspector_container"
        ],
        "hosts": []
    },
    "ironic-inspector_hosts": {
        "children": [],
        "hosts": []
    },
    "ironic_all": {
        "children": [
            "ironic_api",
            "ironic_conductor",
            "ironic_inspector",
            "ironic_console"
        ],
        "hosts": []
    },
    "ironic_api": {
        "children": [],
        "hosts": []
    },
    "ironic_api_container": {
        "hosts": []
    },
    "ironic_compute": {
        "children": [],
        "hosts": []
    },
    "ironic_compute_container": {
        "hosts": []
    },
    "ironic_conductor": {
        "children": [],
        "hosts": []
    },
    "ironic_console": {
        "children": [],
        "hosts": []
    },
    "ironic_inspector": {
        "children": [],
        "hosts": []
    },
    "ironic_inspector_container": {
        "hosts": []
    },
    "ironic_neutron_agent": {
        "children": [],
        "hosts": []
    },
    "key-manager_containers": {
        "children": [
            "barbican_container"
        ],
        "hosts": []
    },
    "key-manager_hosts": {
        "children": [],
        "hosts": []
    },
    "keystone": {
        "children": [],
        "hosts": []
    },
    "keystone_all": {
        "children": [
            "keystone"
        ],
        "hosts": []
    },
    "keystone_container": {
        "hosts": []
    },
    "kvm-compute_containers": {
        "children": [
            "nova_compute_container"
        ],
        "hosts": []
    },
    "kvm-compute_hosts": {
        "children": [],
        "hosts": []
    },
    "load_balancer_all": {
        "hosts": [
            "lb1"
        ]
    },
    "load_balancer_containers": {
        "children": [
            "haproxy_container"
        ],
        "hosts": []
    },
    "load_balancer_hosts": {
        "hosts": [
            "lb1"
        ]
    },
    "lxc_hosts": {
        "hosts": []
    },
    "magnum": {
        "children": [],
        "hosts": []
    },
    "magnum-infra_containers": {
        "children": [
            "magnum_container"
        ],
        "hosts": []
    },
    "magnum-infra_hosts": {
        "children": [],
        "hosts": []
    },
    "magnum_all": {
        "children": [
            "magnum"
        ],
        "hosts": []
    },
    "magnum_container": {
        "hosts": []
    },
    "manila-data_containers": {
        "children": [
            "manila_data_container"
        ],
        "hosts": []
    },
    "manila-data_hosts": {
        "children": [],
        "hosts": []
    },
    "manila-infra_containers": {
        "children": [
            "manila_container"
        ],
        "hosts": []
    },
    "manila-infra_hosts": {
        "children": [],
        "hosts": []
    },
    "manila_all": {
        "children": [
            "manila_api",
            "manila_scheduler",
            "manila_data",
            "manila_share"
        ],
        "hosts": []
    },
    "manila_api": {
        "children": [],
        "hosts": []
    },
    "manila_container": {
        "hosts": []
    },
    "manila_data": {
        "children": [],
        "hosts": []
    },
    "manila_data_container": {
        "hosts": []
    },
    "manila_scheduler": {
        "children": [],
        "hosts": []
    },
    "manila_share": {
        "children": [],
        "hosts": []
    },
    "mano_containers": {
        "children": [
            "tacker_container"
        ],
        "hosts": []
    },
    "mano_hosts": {
        "children": [],
        "hosts": []
    },
    "masakari-infra_containers": {
        "children": [
            "masakari_api_container"
        ],
        "hosts": []
    },
    "masakari-infra_hosts": {
        "children": [],
        "hosts": []
    },
    "masakari-monitor_containers": {
        "children": [
            "masakari_monitors_container"
        ],
        "hosts": []
    },
    "masakari-monitor_hosts": {
        "children": [],
        "hosts": []
    },
    "masakari_all": {
        "children": [
            "masakari_engine",
            "masakari_api",
            "masakari_monitor"
        ],
        "hosts": []
    },
    "masakari_api": {
        "children": [],
        "hosts": []
    },
    "masakari_api_container": {
        "hosts": []
    },
    "masakari_engine": {
        "children": [],
        "hosts": []
    },
    "masakari_monitor": {
        "children": [],
        "hosts": []
    },
    "masakari_monitors_container": {
        "hosts": []
    },
    "memcached": {
        "children": [],
        "hosts": []
    },
    "memcached_all": {
        "children": [
            "memcached"
        ],
        "hosts": []
    },
    "memcached_container": {
        "hosts": []
    },
    "memcaching_containers": {
        "children": [
            "memcached_container"
        ],
        "hosts": []
    },
    "memcaching_hosts": {
        "children": [],
        "hosts": []
    },
    "metering-alarm_containers": {
        "children": [
            "aodh_container"
        ],
        "hosts": []
    },
    "metering-alarm_hosts": {
        "children": [],
        "hosts": []
    },
    "metering-compute_container": {
        "hosts": []
    },
    "metering-compute_containers": {
        "children": [
            "metering-compute_container"
        ],
        "hosts": []
    },
    "metering-compute_hosts": {
        "children": [],
        "hosts": []
    },
    "metering-infra_containers": {
        "children": [
            "ceilometer_central_container"
        ],
        "hosts": []
    },
    "metering-infra_hosts": {
        "children": [],
        "hosts": []
    },
    "metrics_containers": {
        "children": [
            "gnocchi_container"
        ],
        "hosts": []
    },
    "metrics_hosts": {
        "children": [],
        "hosts": []
    },
    "mistral-infra_containers": {
        "children": [
            "mistral_container"
        ],
        "hosts": []
    },
    "mistral-infra_hosts": {
        "children": [],
        "hosts": []
    },
    "mistral_all": {
        "children": [
            "mistral_api",
            "mistral_engine",
            "mistral_executor",
            "mistral_notifier"
        ],
        "hosts": []
    },
    "mistral_api": {
        "children": [],
        "hosts": []
    },
    "mistral_container": {
        "hosts": []
    },
    "mistral_engine": {
        "children": [],
        "hosts": []
    },
    "mistral_executor": {
        "children": [],
        "hosts": []
    },
    "mistral_notifier": {
        "children": [],
        "hosts": []
    },
    "mq_containers": {
        "children": [
            "rabbit_mq_container"
        ],
        "hosts": []
    },
    "mq_hosts": {
        "children": [],
        "hosts": []
    },
    "network-agent_containers": {
        "children": [
            "neutron_agents_container"
        ],
        "hosts": []
    },
    "network-agent_hosts": {
        "children": [],
        "hosts": []
    },
    "network-gateway_containers": {
        "children": [
            "neutron_ovn_gateway_container"
        ],
        "hosts": []
    },
    "network-gateway_hosts": {
        "children": [],
        "hosts": []
    },
    "network-infra_containers": {
        "children": [
            "neutron_server_container"
        ],
        "hosts": []
    },
    "network-infra_hosts": {
        "children": [],
        "hosts": []
    },
    "network-northd_containers": {
        "children": [
            "neutron_ovn_northd_container"
        ],
        "hosts": []
    },
    "network-northd_hosts": {
        "children": [],
        "hosts": []
    },
    "network_containers": {
        "children": [
            "neutron_agents_container",
            "neutron_server_container"
        ],
        "hosts": []
    },
    "network_hosts": {
        "children": [],
        "hosts": []
    },
    "neutron_agent": {
        "children": [],
        "hosts": []
    },
    "neutron_agents_container": {
        "hosts": []
    },
    "neutron_all": {
        "children": [
            "ironic_neutron_agent",
            "neutron_agent",
            "neutron_dhcp_agent",
            "neutron_linuxbridge_agent",
            "neutron_openvswitch_agent",
            "neutron_metering_agent",
            "neutron_l3_agent",
            "neutron_bgp_dragent",
            "neutron_metadata_agent",
            "neutron_sriov_nic_agent",
            "neutron_server",
            "neutron_ovn_controller",
            "neutron_ovn_gateway",
            "neutron_ovn_northd"
        ],
        "hosts": []
    },
    "neutron_bgp_dragent": {
        "children": [],
        "hosts": []
    },
    "neutron_dhcp_agent": {
        "children": [],
        "hosts": []
    },
    "neutron_l3_agent": {
        "children": [],
        "hosts": []
    },
    "neutron_linuxbridge_agent": {
        "children": [],
        "hosts": []
    },
    "neutron_metadata_agent": {
        "children": [],
        "hosts": []
    },
    "neutron_metering_agent": {
        "children": [],
        "hosts": []
    },
    "neutron_openvswitch_agent": {
        "children": [],
        "hosts": []
    },
    "neutron_ovn_controller": {
        "children": [],
        "hosts": []
    },
    "neutron_ovn_gateway": {
        "children": [],
        "hosts": []
    },
    "neutron_ovn_gateway_container": {
        "hosts": []
    },
    "neutron_ovn_northd": {
        "children": [],
        "hosts": []
    },
    "neutron_ovn_northd_container": {
        "hosts": []
    },
    "neutron_server": {
        "children": [],
        "hosts": []
    },
    "neutron_server_container": {
        "hosts": []
    },
    "neutron_sriov_nic_agent": {
        "children": [],
        "hosts": []
    },
    "nova_all": {
        "children": [
            "ironic_compute",
            "nova_api_metadata",
            "nova_api_os_compute",
            "nova_compute",
            "nova_conductor",
            "nova_scheduler",
            "nova_console"
        ],
        "hosts": []
    },
    "nova_api_container": {
        "hosts": []
    },
    "nova_api_metadata": {
        "children": [],
        "hosts": []
    },
    "nova_api_os_compute": {
        "children": [],
        "hosts": []
    },
    "nova_compute": {
        "children": [],
        "hosts": []
    },
    "nova_compute_container": {
        "hosts": []
    },
    "nova_conductor": {
        "children": [],
        "hosts": []
    },
    "nova_console": {
        "children": [],
        "hosts": []
    },
    "nova_scheduler": {
        "children": [],
        "hosts": []
    },
    "octavia-api": {
        "children": [],
        "hosts": []
    },
    "octavia-health-manager": {
        "children": [],
        "hosts": []
    },
    "octavia-housekeeping": {
        "children": [],
        "hosts": []
    },
    "octavia-infra_containers": {
        "children": [
            "octavia_server_container"
        ],
        "hosts": []
    },
    "octavia-infra_hosts": {
        "children": [],
        "hosts": []
    },
    "octavia-worker": {
        "children": [],
        "hosts": []
    },
    "octavia_all": {
        "children": [
            "octavia-api",
            "octavia-worker",
            "octavia-housekeeping",
            "octavia-health-manager"
        ],
        "hosts": []
    },
    "octavia_server_container": {
        "hosts": []
    },
    "operator_containers": {
        "children": [
            "utility_container"
        ],
        "hosts": []
    },
    "operator_hosts": {
        "children": [],
        "hosts": []
    },
    "orchestration_containers": {
        "children": [
            "heat_api_container"
        ],
        "hosts": []
    },
    "orchestration_hosts": {
        "children": [],
        "hosts": []
    },
    "os-infra_containers": {
        "children": [
            "heat_api_container",
            "glance_container",
            "placement_container",
            "horizon_container",
            "nova_api_container"
        ],
        "hosts": []
    },
    "os-infra_hosts": {
        "children": [],
        "hosts": []
    },
    "oslomsg-rpc_containers": {
        "children": [
            "qdrouterd_container"
        ],
        "hosts": []
    },
    "oslomsg-rpc_hosts": {
        "children": [],
        "hosts": []
    },
    "pkg_repo": {
        "children": [],
        "hosts": []
    },
    "placement-infra_containers": {
        "children": [
            "placement_container"
        ],
        "hosts": []
    },
    "placement-infra_hosts": {
        "children": [],
        "hosts": []
    },
    "placement_all": {
        "children": [
            "placement_api"
        ],
        "hosts": []
    },
    "placement_api": {
        "children": [],
        "hosts": []
    },
    "placement_container": {
        "hosts": []
    },
    "qdrouterd": {
        "children": [],
        "hosts": []
    },
    "qdrouterd_all": {
        "children": [
            "qdrouterd"
        ],
        "hosts": []
    },
    "qdrouterd_container": {
        "hosts": []
    },
    "qemu-compute_containers": {
        "children": [
            "nova_compute_container"
        ],
        "hosts": []
    },
    "qemu-compute_hosts": {
        "children": [],
        "hosts": []
    },
    "rabbit_mq_container": {
        "hosts": []
    },
    "rabbitmq": {
        "children": [],
        "hosts": []
    },
    "rabbitmq_all": {
        "children": [
            "rabbitmq"
        ],
        "hosts": []
    },
    "rating_containers": {
        "children": [
            "cloudkitty_container"
        ],
        "hosts": []
    },
    "rating_hosts": {
        "children": [],
        "hosts": []
    },
    "registration_containers": {
        "children": [
            "adjutant_container"
        ],
        "hosts": []
    },
    "registration_hosts": {
        "children": [],
        "hosts": []
    },
    "remote": {
        "children": [
            "swift-remote_hosts"
        ],
        "hosts": []
    },
    "remote_containers": {
        "children": [
            "swift-remote_containers"
        ],
        "hosts": []
    },
    "repo-infra_containers": {
        "children": [
            "repo_container"
        ],
        "hosts": []
    },
    "repo-infra_hosts": {
        "children": [],
        "hosts": []
    },
    "repo_all": {
        "children": [
            "pkg_repo"
        ],
        "hosts": []
    },
    "repo_container": {
        "hosts": []
    },
    "reservation_containers": {
        "children": [
            "blazar_container"
        ],
        "hosts": []
    },
    "reservation_hosts": {
        "children": [],
        "hosts": []
    },
    "shared-infra_containers": {
        "children": [
            "rabbit_mq_container",
            "memcached_container",
            "galera_container",
            "utility_container"
        ],
        "hosts": []
    },
    "shared-infra_hosts": {
        "children": [],
        "hosts": []
    },
    "skyline": {
        "children": [],
        "hosts": []
    },
    "skyline_all": {
        "children": [
            "skyline"
        ],
        "hosts": []
    },
    "skyline_container": {
        "hosts": []
    },
    "skyline_dashboard_containers": {
        "children": [
            "skyline_container"
        ],
        "hosts": []
    },
    "skyline_dashboard_hosts": {
        "children": [],
        "hosts": []
    },
    "storage-infra_containers": {
        "children": [
            "cinder_api_container"
        ],
        "hosts": []
    },
    "storage-infra_hosts": {
        "children": [],
        "hosts": []
    },
    "storage_containers": {
        "children": [
            "cinder_volumes_container"
        ],
        "hosts": []
    },
    "storage_hosts": {
        "children": [],
        "hosts": []
    },
    "swift-proxy_containers": {
        "children": [
            "swift_proxy_container"
        ],
        "hosts": []
    },
    "swift-proxy_hosts": {
        "children": [],
        "hosts": []
    },
    "swift-remote_containers": {
        "children": [
            "swift_remote_container"
        ],
        "hosts": []
    },
    "swift-remote_hosts": {
        "children": [],
        "hosts": []
    },
    "swift_acc": {
        "children": [],
        "hosts": []
    },
    "swift_acc_container": {
        "hosts": []
    },
    "swift_all": {
        "children": [
            "swift_proxy",
            "swift_acc",
            "swift_obj",
            "swift_cont"
        ],
        "hosts": []
    },
    "swift_cont": {
        "children": [],
        "hosts": []
    },
    "swift_cont_container": {
        "hosts": []
    },
    "swift_containers": {
        "children": [
            "swift_acc_container",
            "swift_obj_container",
            "swift_cont_container"
        ],
        "hosts": []
    },
    "swift_hosts": {
        "children": [],
        "hosts": []
    },
    "swift_obj": {
        "children": [],
        "hosts": []
    },
    "swift_obj_container": {
        "hosts": []
    },
    "swift_proxy": {
        "children": [],
        "hosts": []
    },
    "swift_proxy_container": {
        "hosts": []
    },
    "swift_remote": {
        "children": [],
        "hosts": []
    },
    "swift_remote_all": {
        "children": [
            "swift_remote"
        ],
        "hosts": []
    },
    "swift_remote_container": {
        "hosts": []
    },
    "tacker_all": {
        "children": [
            "tacker_server"
        ],
        "hosts": []
    },
    "tacker_container": {
        "hosts": []
    },
    "tacker_server": {
        "children": [],
        "hosts": []
    },
    "trove-infra_containers": {
        "children": [
            "trove_api_container"
        ],
        "hosts": []
    },
    "trove-infra_hosts": {
        "children": [],
        "hosts": []
    },
    "trove_all": {
        "children": [
            "trove_api",
            "trove_conductor",
            "trove_taskmanager"
        ],
        "hosts": []
    },
    "trove_api": {
        "children": [],
        "hosts": []
    },
    "trove_api_container": {
        "hosts": []
    },
    "trove_conductor": {
        "children": [],
        "hosts": []
    },
    "trove_taskmanager": {
        "children": [],
        "hosts": []
    },
    "unbound": {
        "children": [],
        "hosts": []
    },
    "unbound_all": {
        "children": [
            "unbound"
        ],
        "hosts": []
    },
    "unbound_container": {
        "hosts": []
    },
    "unbound_containers": {
        "children": [
            "unbound_container"
        ],
        "hosts": []
    },
    "unbound_hosts": {
        "children": [],
        "hosts": []
    },
    "utility": {
        "children": [],
        "hosts": []
    },
    "utility_all": {
        "children": [
            "utility"
        ],
        "hosts": []
    },
    "utility_container": {
        "hosts": []
    },
    "zookeeper": {
        "children": [],
        "hosts": []
    },
    "zookeeper_all": {
        "children": [
            "zookeeper"
        ],
        "hosts": []
    },
    "zookeeper_container": {
        "hosts": []
    },
    "zun-compute_containers": {
        "children": [
            "zun_compute_container"
        ],
        "hosts": []
    },
    "zun-compute_hosts": {
        "children": [],
        "hosts": []
    },
    "zun-infra_containers": {
        "children": [
            "zun_api_container"
        ],
        "hosts": []
    },
    "zun-infra_hosts": {
        "children": [],
        "hosts": []
    },
    "zun_all": {
        "children": [
            "zun_api",
            "zun_compute"
        ],
        "hosts": []
    },
    "zun_api": {
        "children": [],
        "hosts": []
    },
    "zun_api_container": {
        "hosts": []
    },
    "zun_compute": {
        "children": [],
        "hosts": []
    },
    "zun_compute_container": {
        "hosts": []
    }
}